{
  "tasksRunnerOptions": {
    "default": {
      "runner": "@nrwl/nx-cloud",
      "options": {
        "cacheableOperations": [
          "build",
          "test",
          "lint"
        ],
        "accessToken": "MWY2MGNkODktYTY3Yi00OTFmLThkNGItZDExODQ4OTQ1YWVlfHJlYWQtd3JpdGU="
      }
    }
  },
  "defaultBase": "master",
  "namedInputs": {
    "sharedGlobals": [],
    "default": [
      "{projectRoot}/**/*",
      "sharedGlobals"
    ],
    "production": [
      "default",
      "!{projectRoot}/tsconfig.spec.json",
      "!{projectRoot}/**/*.spec.[jt]s",
      "!{projectRoot}/karma.conf.js",
      "!{projectRoot}/.eslintrc.json"
    ]
  },
  "targetDefaults": {
    "build": {
      "dependsOn": [
        "^build"
      ],
      "inputs": [
        "production",
        "^production"
      ]
    },
    "test": {
      "inputs": [
        "default",
        "^production",
        "{workspaceRoot}/karma.conf.js"
      ]
    },
    "lint": {
      "inputs": [
        "default",
        "{workspaceRoot}/.eslintrc.json"
      ]
    }
  }
}
